Paziente,266,1081,1484,1023,2008,157,717,1632,1423,1278,1179,1663,491,1637,868,847,1891,879,1181,329,301,1505,1609,1433,1305,wavelet-LH_gldm_DependenceVariance,wavelet-HL_gldm_DependenceVariance,wavelet-HL_glcm_Idn,wavelet-HL_glrlm_GrayLevelNonUniformity
5,6.74741,2.3949854,3.6948376,1.1053257,9.069213,6.388568,3.023807,12.598273,4.486028,4.7860947,6.8736353,1.8242041,7.0230308,8.977577,8.922424,6.468376,7.323002,4.433628,4.490117,19.342083,7.6194096,2.2167258,3.6772747,6.9991674,2.9017599,3.9291420434318254,2.52368814524742,0.9309192449340354,27.39268689868377
12,8.86098,3.0112216,5.957518,0.0,15.862079,0.0,0.0,20.765097,4.7988486,3.4853978,7.8363414,7.300108,11.749228,9.147195,7.225069,10.781108,3.0213063,2.4796,0.7477617,24.96866,8.792876,5.367457,4.8169556,3.7519202,9.587065,3.355010730968312,3.6943315237975,0.9403701482594408,34.88607194513267
15,9.0271015,4.332862,10.969488,2.9549866,14.372629,0.0,1.3752891,9.103536,0.0,2.5279331,3.368472,2.0342627,6.398048,6.8638287,1.3328174,6.3621316,1.261946,6.038561,0.42583203,8.152875,2.0341842,6.2772245,7.3579764,1.1055222,2.8278995,4.234633859425546,4.850872463483972,0.9624239014853684,66.77125996265471
16,6.3084803,5.209674,9.959081,2.0417514,14.093826,0.0,0.69057953,13.7202835,4.0843806,0.0,2.0531154,3.8555317,5.1322,10.382006,0.7014946,16.756538,2.1317365,4.482646,0.0,21.578007,13.064578,4.138197,6.5488496,3.2062197,4.461408,4.160480980460169,2.6852815354376225,0.9414332823354294,23.49083411281138
17,5.730097,3.2294958,3.7044158,2.6720128,14.792459,0.0,0.8013276,18.560682,0.0,0.0,1.5330727,0.022244781,8.980913,10.046073,4.5837507,13.0272,2.6768188,6.587821,1.5915911,17.592299,3.7929301,8.157917,10.102082,11.132969,15.449078,1.7450406665344178,1.6546320174568538,0.9341139093525214,23.949137584091645
19,0.4887433,2.5335119,7.29129,4.9449744,23.431667,2.6019154,4.944341,29.166815,0.0,0.0,0.32340646,0.0,7.9296565,12.514114,12.029602,22.49263,4.787718,21.572754,8.801075,19.175142,6.4884095,16.357943,4.1867805,14.206984,23.104736,1.3268526701174097,1.3563943946471406,0.9142948346795404,18.31214987411389
22,8.34964,9.725267,7.7660785,2.7936034,13.966451,0.75806713,2.7591581,33.8996,1.333766,1.8130903,1.550282,3.8997164,17.845633,12.990793,9.744289,14.794526,6.33202,6.0490694,5.534342,21.736506,6.590933,10.145134,4.051205,8.894597,13.697363,3.799574861544035,3.511167033658384,0.9359482030316564,65.51070904081634
23,7.2297773,8.268482,1.4269761,8.429613,19.89999,0.0,1.9201331,0.0,2.761682,1.9573166,14.426695,2.3544192,5.3358226,3.569368,3.8222663,10.546349,0.0,0.5535662,4.422592,12.354255,7.297941,9.152704,11.00569,2.1169248,3.6499643,3.898340848653024,4.128569776852816,0.9388465029337936,52.79015546625002
24,7.707717,0.0,4.9388285,3.549059,8.452829,0.0,1.0688819,6.251148,2.9391341,2.2066298,1.3753455,0.025259078,4.550712,2.298771,0.13789925,7.348337,9.367462,1.2572246,0.0,19.125729,0.6466441,1.5602319,1.1579534,2.3372986,3.9875875,3.24816513212246,3.122113001520576,0.9346577295707232,52.82330854482411
25,10.191259,9.520934,8.974871,2.7829685,26.502415,0.0,10.093517,17.827204,0.0,0.04937005,2.343535,1.6094187,12.752497,22.46614,15.169077,16.388586,8.443544,14.31581,7.8604336,15.761788,8.837196,9.80637,1.331812,11.075243,18.03066,1.848939763557891,2.4668324263464063,0.9199390845679392,21.311952572193537
26,5.7843513,3.790274,6.93422,2.5557966,11.225768,0.0,2.9401922,18.23831,0.43287253,2.1437836,2.291421,0.0,6.3604417,6.838971,4.448957,11.132273,2.1381445,2.1059554,0.0,23.70725,2.5969527,10.032112,2.7945037,7.0107117,4.5429354,1.488994646044021,1.2986317668054728,0.8942860422771632,22.99355221984012
27,7.491893,3.830642,8.986261,0.28619766,13.631385,0.0,0.0,24.937561,2.9727845,0.0,6.2629085,1.0646675,7.967815,7.1380844,3.5391774,14.007078,3.2354548,8.537672,0.0,22.66791,2.356023,5.854807,0.0,7.195956,8.259888,2.0394879737933738,2.8599682307955554,0.9344392262567924,52.98544890593295
29,11.505928,3.5357225,10.228061,2.8121881,13.008991,1.9987642,0.25179422,26.502308,0.0,2.059748,7.1885233,5.456911,7.9085517,8.087773,5.429793,11.674889,1.5319908,6.027983,0.7101841,23.005272,3.0056896,4.8045554,2.883212,7.4390936,9.478073,4.044443850285252,3.5973249467763337,0.9315289611293652,39.69125427054971
30,7.006852,1.9153609,4.411897,0.6814382,15.313105,0.0,0.41049254,6.4313583,1.220993,4.0412173,0.8274558,1.06906,5.4100738,5.6184363,5.1896577,10.500892,0.0,1.1142883,4.6447897,13.910862,7.0628486,5.5745745,3.0242844,3.0381389,3.456555,1.9997959183673475,0.9581632653061224,0.911688208065596,17.57034218438529
31,3.5531557,7.0836945,4.060984,1.1724513,21.159304,0.0,8.384155,27.539206,0.16993356,0.85542345,3.5782237,3.0143533,7.5406575,15.114469,9.010756,15.63643,0.86961603,15.152995,7.8316956,17.252747,3.2894025,13.821346,8.683779,10.947787,20.703192,1.5659464450600185,1.4003570329332102,0.9056549928478016,12.25792298086151
33,9.586008,0.024894834,10.814948,11.1917,17.778328,4.230363,3.5121937,16.555618,7.316376,0.861351,5.8579435,4.24484,10.381344,15.194062,1.3281238,10.0396805,4.903488,3.5988035,2.7344606,16.313923,9.883262,10.563532,4.2295547,3.1916876,8.660482,4.296364226679047,4.548681085206851,0.9509208003971644,90.6299104713213
35,9.534958,1.8225119,6.91116,2.0863814,10.471463,0.0,0.0,17.218859,2.0759377,0.0,2.5501027,3.0284567,6.596859,7.411475,0.17074472,10.125687,2.2742627,6.171246,0.0,18.966969,5.1255417,3.3218455,3.158268,9.07387,5.9027057,1.9138965835641737,2.7433056325023086,0.9299312617129912,25.437758966420706
36,5.3931303,2.848242,8.153601,3.1257195,20.732092,0.0,2.2411737,19.7518,5.1463337,1.8703647,5.48177,4.302571,11.60531,14.742673,7.170151,17.551872,6.2764893,4.6518736,4.0491266,24.81669,4.3178277,5.1847568,4.7107687,9.235374,14.278942,2.6669376668729963,2.297188680814109,0.9459252857301176,37.40094478092042
38,9.158701,2.9517705,12.578191,6.4076695,15.424007,13.572448,2.5989146,0.0,7.062347,4.5948067,2.0871236,2.9072824,7.504996,5.1371293,3.1579216,8.188313,0.62277424,3.551715,0.44681108,15.627862,5.8706193,12.922203,9.617415,2.2923706,4.7134438,4.081736775662116,3.8189964743820353,0.9312082999876398,72.26996384065792
39,7.575368,0.32954764,4.615323,13.549461,17.153008,1.4202594,0.04433763,4.8125772,5.9894357,3.9064417,1.7240634,0.18420792,4.432006,5.476884,2.094426,9.7895975,0.020153284,1.5169044,2.2483428,18.231655,2.0625472,3.3924255,6.0315886,2.8294253,5.8030844,3.184625078764965,4.104127284183995,0.934983234825402,43.52469859371877
40,9.468019,7.6571445,5.854139,1.1356993,15.106822,0.0,0.32802892,17.167562,2.4639828,0.0,1.9997652,0.9963026,6.842015,12.619362,5.6710086,12.953939,1.6808002,0.6937399,1.6703048,19.600355,6.4237227,3.1959496,1.9213265,6.543375,3.792399,2.1952545940967503,2.423358624621727,0.9382458974692588,26.29470435733485
41,5.9246473,3.1046908,10.91938,1.8820293,13.075292,0.0,0.0,7.2665396,3.9048557,1.7954733,13.338854,0.97019744,4.5522766,7.2648306,1.1922758,9.70658,1.5884657,0.0,2.5016186,18.703848,4.686276,1.6119959,2.0554357,2.406998,2.510216,3.30594690403889,3.639275893078236,0.9210363536342456,30.90501244388865
42,8.103835,1.0541327,6.2684507,4.824535,14.033537,0.2361939,0.0,2.4536726,2.6671133,3.0166059,1.9481485,1.3590257,1.1243877,9.831127,0.38340664,8.571525,0.18498313,4.0397806,0.0,12.769313,3.1482086,5.3429036,7.9777875,3.0536518,2.9157364,3.5329410873462788,3.606727102850938,0.9259408630169356,27.682704117302496
43,7.204962,1.6801989,0.0,0.8883252,17.680916,0.0,3.5244708,0.0,0.0,4.1753473,1.1642061,1.4973384,2.7885993,0.0,4.019198,8.533841,1.1839228,2.0922003,2.964681,10.098094,5.2258925,11.287893,5.98258,0.18702137,0.98973536,3.5102011545770737,2.9547133278353472,0.9287376541240822,30.82180281071585
44,6.517952,2.830559,6.463879,4.4304576,21.441212,0.0,9.907376,24.406172,0.0,0.0,1.4315324,0.0,9.404623,20.598244,9.896904,15.692124,1.9514823,10.579696,6.4995365,14.385657,6.063446,13.915764,2.6849437,14.401859,31.021662,1.3481,1.3041,0.917096076788918,22.78986095693928
46,15.197225,0.0,9.664626,3.9930258,14.9936,0.0,1.2074164,12.869761,6.167266,0.0,7.9415665,5.246176,7.0127225,11.5381565,5.697866,13.930267,3.016781,0.46601176,0.36064768,15.895967,4.052854,10.722113,4.940063,3.1965399,2.891398,3.623805792073541,4.746858737859803,0.9539721753699162,34.67153633765198
47,5.6455812,12.114769,9.5373745,5.9465413,32.393444,6.649205,7.0818887,18.671078,3.7804112,4.9310546,4.939276,4.924177,16.691872,15.679736,12.367697,9.962891,10.001829,9.74481,1.5006213,28.04272,12.479186,10.20779,5.3033495,3.03436,25.1011,3.0243230251562245,2.7545842012498,0.9323555028205216,47.21812498457704
48,7.483165,2.0597944,10.004924,1.0665612,8.21021,0.0,0.0,5.557908,5.091399,0.0,0.7156374,0.7225585,4.593001,5.047233,0.0,9.512114,0.30615914,4.3396797,0.0,23.68899,3.6603518,3.4979,8.541186,3.0130138,3.3232636,2.6327370396515213,2.3567776036913965,0.9257462825044676,26.127250942087336
50,5.614854,1.8382959,7.648791,0.39930916,10.133197,0.0,0.0,15.498077,4.694999,0.13404107,3.6013522,0.5049959,7.9195275,8.430677,6.2041044,12.177334,0.0,0.0,0.37203705,21.753412,2.4627562,6.082042,3.832008,4.2526636,8.427912,1.900414737654321,2.444396219135802,0.9191117088346974,27.15607837731662
52,7.530834,0.8191166,4.2225046,2.1041808,16.168306,0.0,2.3287125,9.62399,1.3089128,1.6341066,2.2801476,1.8979231,5.8428345,10.503166,2.7815542,7.288908,0.5481161,1.906357,0.9816427,13.477304,9.85539,4.117248,7.476725,2.6312134,2.6489968,4.003665263463493,3.821989766294093,0.9468349311142172,85.77730040265791
53,8.329333,3.4993231,4.62927,4.610122,25.091795,0.0,8.46175,26.442026,0.0,1.5173285,4.8004713,0.15572143,10.449215,18.377972,14.349442,15.060458,12.832544,18.548935,2.7666028,18.74126,10.023479,10.921055,3.3602695,13.114241,15.974764,2.018681200473305,3.239090680913622,0.9238619180453193,23.277641378764287
54,5.11123,2.4816053,7.5352015,7.8580146,8.81552,0.0,0.16582692,8.389636,2.7058134,5.024957,4.646127,2.3135338,4.28229,12.538214,1.9525101,5.769601,1.7419071,5.134425,1.9148183,11.048463,4.777736,6.749287,5.8794093,4.22902,3.5099816,4.024436755094195,4.350726643598616,0.94642861561911,61.95250471622135
56,14.16918,2.3432224,8.034756,6.3354745,11.654867,0.0,2.3726044,18.002598,3.1359377,3.7290368,6.271972,3.7047963,7.116508,9.618132,2.3657718,13.224093,3.9457433,3.1075907,1.5702133,20.18192,8.178109,1.3346121,5.8103004,5.378869,2.5134082,3.247907495814992,2.5262105524211047,0.923049349441564,39.40099735918172
57,5.93709,0.8613014,4.2217307,0.4155221,22.413897,0.0,3.516533,20.76768,0.3859458,0.7091398,2.0647473,3.7904696,10.295418,15.402585,9.569395,14.507909,7.9407787,16.366135,2.417375,17.606243,7.825032,10.678068,6.9336004,10.646657,15.984594,4.567245180620724,5.585165922324608,0.9498850958631188,24.10777102432832
58,13.367546,5.20498,6.026631,0.5506723,13.189736,0.0,3.4563737,20.931837,0.58994055,2.890057,1.6747547,1.4888493,13.423246,9.742804,7.3178763,14.065997,5.3854465,8.981944,0.0,23.854528,7.7834053,6.011126,0.41961825,11.64259,9.470474,1.8552154195011337,2.287891156462585,0.9369170563227228,33.74801026292421
59,8.633197,1.3546422,7.4206233,1.6841745,11.867143,0.0,2.947537,16.685204,4.1370535,3.482185,4.176273,6.3822956,10.691307,9.873942,6.8031387,16.520197,3.5767686,8.309924,0.6178987,22.483332,6.284588,13.585287,10.525087,6.8613005,3.8091912,3.2401235173022256,4.821904715223997,0.9546133389380178,48.660075697796366
60,15.114198,0.48619127,7.3619313,0.64796543,14.912174,1.1119622,2.9716425,0.32898867,2.9628415,2.178753,3.5544398,1.2154642,5.2283483,6.5111227,7.4516454,5.3127537,0.5357728,4.382472,3.6304786,15.599639,6.498226,9.192894,9.221681,1.7424691,2.936291,4.162078841958728,4.895881891737648,0.9451997602496632,53.2245233026687
61,10.084575,3.7817652,6.9348216,0.0,13.781941,1.4920632,3.0316792,23.99883,0.7549722,3.4445853,3.2208173,0.8203385,12.071533,9.968896,6.3823977,22.436598,6.326439,14.052163,6.9138565,24.743784,6.1074386,8.51704,0.5658754,13.320214,10.406729,3.0335683077338857,3.8350186928516736,0.938775693112606,50.62324372826803
62,6.256304,3.5780003,6.0783453,0.0,18.238024,0.0,2.426137,22.883377,1.4444985,1.8940706,3.0361006,2.3645167,9.850529,11.724715,10.911837,12.330227,1.2095551,3.6286626,0.0,23.308865,4.446524,7.427426,4.4061923,6.9087677,9.596197,3.714379105912514,4.186803396891524,0.9401022378722974,40.71155662775966
64,9.009842,0.774734,7.838144,2.530025,7.1043406,8.765615,0.0,10.031193,2.243579,2.5043821,2.3830292,1.0556026,6.3785243,7.52901,0.0,8.622375,0.0,1.7606146,0.0,21.920235,6.8274503,0.7759849,4.3206096,0.9289453,2.129972,4.128813701973656,3.7865028265230256,0.9322202956951844,71.85878981104007
65,10.278152,1.507879,9.889898,5.1567607,14.09411,0.0,0.0,15.69668,5.7799497,6.252867,3.4002445,2.077169,5.77409,10.640967,2.4474704,12.571015,2.006805,6.6753597,2.1985772,14.942563,8.60662,3.6660495,7.104236,9.170236,4.1026073,3.337819793836458,3.2115579768199543,0.9419478344340716,37.34695649646071
68,6.529545,3.8592694,7.4032693,0.0,22.824543,0.0,5.525545,21.074898,4.980189,0.0,0.73547876,2.6931314,10.392406,18.619347,10.696745,19.567818,5.434285,8.826105,2.3061616,20.778006,10.628756,7.9825377,2.0638409,15.428854,11.359104,1.914731613523474,1.4555359717993912,0.9227813697146388,21.60670221430609
69,8.894224,0.95703363,7.119496,10.176067,16.06676,0.7507529,0.40004098,11.231346,5.0584655,1.8618269,3.260868,2.3695254,8.573154,6.177013,2.9151504,11.699809,9.571207,2.2089264,1.3782542,19.017994,8.138289,3.0153275,3.862844,2.1324317,5.548716,3.986594458534353,4.145725672660705,0.9510561694592315,64.60498519925105
70,7.060499,5.652892,8.554089,7.4352355,17.219292,5.938851,0.9877248,16.657715,2.1603274,2.7676744,8.791101,9.126615,10.897018,14.725471,6.5090027,15.899417,0.6334028,5.096094,1.2963574,13.80339,6.425529,4.5456405,7.192208,8.87199,2.3621876,3.4982642146744234,3.678222931131544,0.9520855549071804,30.67742029810653
71,11.661249,3.5874631,6.84627,2.6675382,18.180157,0.0,1.8023437,12.035039,5.153716,1.4409068,7.114072,6.3554707,11.055996,16.39238,4.82327,14.810976,3.735891,3.9035277,0.5963094,18.15135,11.259061,9.134642,3.7873316,8.947163,3.154285,4.477230933962337,5.174975364871471,0.9686312152097456,48.70236727640415
74,10.375404,1.950567,5.9009266,2.3407626,11.539314,0.0,0.0,17.563417,3.2993126,0.941607,2.2066422,1.6344608,5.2585783,10.127694,1.2700365,8.346008,1.7307293,1.6167507,0.0,16.95727,3.505484,3.5592303,4.432504,4.5162096,6.2494206,2.595449175088611,2.0753087574055025,0.9073764609042364,39.3076168397047
75,12.714127,5.157113,4.9285226,3.386785,13.345932,0.0,0.0,6.1134796,2.2720761,3.7865973,8.720459,2.129249,4.483815,7.9573774,5.1851015,1.7841846,1.7238405,0.5804951,2.490909,9.744757,1.891305,5.168999,9.959747,2.7457147,3.440658,4.275497927516208,5.098582208523754,0.9487388398731184,56.70604563645827
76,9.737071,2.728525,2.7910671,0.70853734,11.778432,0.0,0.0,10.503897,2.1930146,6.655916,5.3543434,0.85118544,6.271832,4.9481554,4.01377,7.5988626,0.19833946,1.4141178,0.0,16.05977,4.6552033,0.0,10.686688,4.8668714,3.1544995,3.3822265928264583,3.583458413125615,0.9290697861252488,43.245008754686175
78,11.797703,0.0,7.845694,0.0,12.07263,0.0,0.6410059,9.310601,7.549745,1.7119813,2.4172878,0.7460903,4.241583,2.7825518,1.5119267,12.138759,1.8258946,3.1897192,0.64503,21.98648,3.023219,4.024672,6.413171,2.8998375,1.7039051,2.64764528400892,2.0508611157961805,0.9250708111693852,48.62082090122192
79,11.084698,6.634922,7.456386,4.7841873,16.341738,2.653286,0.0,23.708754,2.8166866,5.5813856,4.460796,6.6584206,13.345772,11.042729,11.996862,16.25208,2.7013452,12.872462,0.0,17.92149,7.8736944,4.257279,1.0073732,16.72183,9.377247,4.276668402499599,4.376972840890883,0.9541989947092804,64.8329261152096
81,7.683612,1.0926213,3.362227,4.626409,24.436659,0.0,2.6323514,23.532913,3.8280015,0.0,0.80204725,0.56796527,11.61586,22.38689,15.107618,14.167764,6.9366426,19.31173,0.0,21.202332,9.421334,7.3491387,1.7781345,13.834745,16.137953,3.098348348348348,2.353096339582826,0.9256010528885532,38.124274310437904
82,7.372755,0.0,3.3436232,0.20965862,11.3124895,0.6265094,1.9855238,8.192589,0.61972284,1.6625311,0.66042304,2.3517609,6.612618,9.565139,0.0,11.850406,2.7479703,4.9950695,2.3595886,14.009496,1.1520149,8.836269,2.3905482,6.5820456,1.3636973,3.204838630366012,1.979183399170614,0.8940564626118581,34.05449117223396
84,6.9781723,3.8399193,6.034468,5.610175,17.867687,0.40293837,2.4560833,24.544176,6.383865,2.7400436,4.759158,5.772385,15.175396,17.16146,2.9366775,13.104432,6.5102577,2.866809,2.780206,17.03912,5.037408,9.02948,9.062382,9.076868,8.573587,4.30454387790496,4.45379684228106,0.951381848997054,70.43229676891843
85,13.155892,1.5563674,8.442149,7.147473,17.79236,0.0,0.0,14.276503,6.4738293,3.8759542,5.9794426,6.245107,10.481928,14.757916,5.9116235,12.9405365,1.7668617,3.0511713,0.0,19.111528,5.031951,4.984381,5.422234,6.580684,3.5938592,2.102458247325952,2.321542503283918,0.927854945273855,22.326042553094656
86,5.788661,1.0649388,4.3222394,2.654159,10.608424,0.0,0.25327265,5.3552647,1.46678,1.2859023,3.2399487,0.08360937,4.1970315,3.452466,0.65826786,9.381949,1.5540078,1.1705685,0.0,20.680803,3.5610905,3.0477977,5.088281,4.5412855,0.3057332,4.124218869074836,4.790123456790123,0.9315517716737416,24.02194598147496
87,4.7169065,1.0387094,3.197832,0.0,12.317439,0.0,2.587027,7.5879784,2.5034077,8.148206,0.9804702,0.0,3.060914,7.285655,2.3798537,12.630739,0.14230967,0.30743623,2.2944226,19.548128,4.517973,1.0435014,6.2319603,1.9591634,1.7480319,3.958802499248221,5.044004143138761,0.9320575560782868,42.42320944706593
88,2.7093742,4.011546,6.503894,5.025548,21.27199,0.0,7.4564667,24.60132,0.0,0.0,0.0,4.5472836,8.662497,11.029761,11.943851,16.351072,5.582468,13.801841,0.0,17.975504,4.9688687,10.405706,4.402246,13.465201,16.066107,1.811211928169281,1.5948589039444911,0.9127742488291748,30.58394226255528
89,6.440172,10.986418,7.7032065,0.0,13.216878,5.1260023,0.0,20.754875,3.27063,0.0,2.9624667,4.058896,7.004478,10.754588,2.8398066,10.88459,2.3884888,6.1944857,0.18514276,18.105928,2.3654284,3.4937978,6.5936704,9.097153,11.639603,3.431027446178961,2.534945413733293,0.92329829169295,35.42339118171775
90,10.331527,4.5420704,6.524448,0.10752821,14.306855,0.0,1.0995873,13.32813,0.0,2.1200101,4.0877714,4.9055085,6.334949,12.584936,9.911226,15.236865,5.423416,3.0615616,6.628154,15.217137,9.181041,2.990075,4.0734887,4.577812,3.4388404,4.519525430739006,5.4490102289743065,0.946302503725752,95.25969797057957
91,2.6950963,5.4410925,4.939211,2.7249084,25.409424,0.0,7.811229,25.838383,0.0,0.0,0.0,2.9082036,12.219625,20.221886,11.827414,13.666443,3.19933,15.020503,5.173316,18.272184,4.318169,11.600061,1.2867805,21.352106,18.878515,2.9699826388888884,2.49984375,0.9307664092992488,29.87762524728318
92,7.7184305,2.5257022,3.8897653,1.4776111,14.438169,0.0,0.97568935,14.422619,1.0864105,2.4250212,2.1338022,2.2404656,5.9308224,7.7559605,4.021287,9.028974,3.7581046,6.3688235,0.83024526,20.36146,5.8052096,3.4289393,9.979073,7.329915,4.9068108,4.435716395071008,3.866251442991758,0.9270265819943746,36.980399884344514
94,5.4094553,2.2863925,0.0,2.594911,16.193453,0.0,1.7799288,0.0,0.0,5.9479303,1.3184681,3.143508,8.666525,1.6406741,4.486848,14.503337,0.8091757,3.885501,8.5392065,12.060157,6.8179965,4.246876,5.036748,4.3968134,2.3913717,4.382114631541474,4.023211107155571,0.9352647370364464,33.17476049350593
95,9.601732,1.5771105,11.821025,1.7575812,13.828182,0.65194774,0.45054257,13.756156,3.4484315,8.419349,6.4807644,6.9697323,9.437859,12.840143,7.796469,13.630237,0.89248466,6.612456,1.952599,16.157969,7.9409037,4.222696,8.071806,7.7061462,4.0190744,4.2262856668448165,3.094172404667888,0.950521734774424,62.25560982873925
96,12.339185,1.2737994,8.296636,3.986259,10.242521,0.0,0.4891132,7.201971,5.3196354,0.2635715,2.808019,3.784584,6.3902187,5.5290327,1.67572,10.509606,0.082505584,0.0,1.2983041,15.5226145,7.034536,5.405879,7.689567,5.6125865,3.0194316,3.8513039475563886,3.40604117394962,0.9268097512140208,38.9411225476651
98,8.282964,1.1288292,5.980771,2.503571,9.90853,5.4270554,0.15221012,4.2423573,4.555839,1.7889621,3.5031388,1.2880878,4.3152804,2.6510372,2.3586023,11.006703,0.34171355,0.0,3.269593,15.666793,1.8129685,5.6730886,14.574243,1.8147671,2.099188,4.301878599270065,4.558741121369713,0.9465599526562524,84.53111301548832
100,9.361552,3.2888525,6.819302,1.1054382,32.268734,0.0,6.628892,26.454782,0.0,0.0,0.0,0.07387599,8.608799,24.88129,16.663767,23.62061,8.440138,20.871265,13.461931,17.788916,8.318745,16.226334,1.5808119,16.381783,18.034193,1.5227049425434662,1.0115340253748557,0.9137475828746542,21.75216329793533
101,5.980364,3.1882684,8.693987,3.15103,16.367092,0.0,0.16141784,23.885967,3.828876,3.5364037,6.8631263,5.6053452,9.853889,13.030642,4.710199,10.520912,1.9768901,2.735135,0.0,26.059175,5.519971,4.175574,8.849985,7.96714,14.563988,5.323335922604336,4.898580608714074,0.9573603600119128,61.13888576842714
102,6.056535,4.125889,8.697705,0.0,10.508862,0.0,3.0748272,18.438652,1.8389149,2.495009,4.2613873,2.8867474,7.966439,9.267628,5.3059945,11.8731985,6.7392416,1.1360621,0.0,25.829424,7.0111117,4.4678645,3.410985,7.611911,7.9580483,2.703818359375,2.063193359375,0.9279234775061423,57.96347836511717
103,8.068136,0.25292027,6.591659,6.1620345,12.551704,0.0,0.39986503,11.232882,4.652984,0.9496155,1.8277915,0.7094666,7.253424,10.115808,0.57616484,10.248773,2.3323915,3.4564514,0.7552252,19.238197,8.540208,1.6730056,6.2439513,3.7376409,3.020021,3.307323820340209,4.771186924604559,0.9503616910461564,47.125688909970194
104,8.36939,3.586799,5.965819,2.319182,13.894471,0.0,2.014883,24.9413,0.58656836,0.0841769,1.8575134,1.0058111,13.93107,12.12709,4.4263396,13.099341,6.099102,8.275854,0.9689715,22.141012,6.6390805,2.6973186,6.2154274,11.6840515,13.309153,2.4280420683726343,2.6143326273628875,0.9237922133322596,40.21458619331042
105,7.471034,2.4130456,2.3845634,1.5963192,20.7766,0.0,7.4621534,25.57031,0.68449736,0.0,0.97007394,1.0440984,11.411163,17.7043,12.521042,14.541379,6.1125145,8.235698,0.0,19.806461,8.92591,7.7509427,2.867269,19.145914,13.860216,1.325173725299551,2.051016614715892,0.9186748336847896,28.27146596713302
106,10.2891035,1.6842167,4.94215,5.8832197,14.504591,2.3918219,3.3148375,4.552923,0.0,6.3368874,2.2443402,0.0,1.1492696,2.6253858,0.0,0.65614426,1.0849469,1.4164472,2.9624875,5.73143,5.952698,3.5246987,9.483393,4.7180696,3.0327091,3.225047685686626,3.79526306204411,0.9417859575240066,56.62170427640328
107,5.6389446,2.6547363,6.188517,0.21412516,22.29037,0.0,8.409574,23.562119,0.0,1.0142264,0.0,1.7910875,7.4723353,13.558188,9.393986,16.384665,2.7439706,10.85049,2.1641648,18.173603,5.907707,7.9058022,0.5312489,12.224907,15.27503,1.9634755928809864,2.076287835561584,0.9198244369149372,49.00996907375144
108,3.6064703,3.3177927,9.239181,1.7030873,11.295939,0.0,0.6126381,7.613429,1.2970939,0.060742736,4.1494975,0.77183545,2.8713617,12.205998,1.8446842,9.85888,1.3761315,0.0,5.36201,17.144545,5.8757153,2.600572,2.912475,3.6528254,1.8237736,2.4460356652949247,2.363566529492456,0.9178227754243792,24.661868905023155
109,7.053174,3.799054,4.3801003,0.7699888,13.016565,0.0,2.2015185,21.96115,0.0,3.3694105,3.0815165,1.4548731,7.6680408,9.65183,5.270706,8.323876,3.6266325,11.080276,4.109874,17.757837,2.5526483,9.475956,7.1847444,14.527176,17.671127,1.64470308706806,2.053477040684561,0.9096282939995864,16.005110098666
110,5.8756475,3.891887,6.785339,6.177378,18.429676,3.3404226,3.257763,17.138088,3.9251785,1.0097175,0.0,3.386334,11.913021,10.339637,10.51544,17.857609,4.9894123,5.034069,0.006711364,15.081584,7.0937815,7.1437297,6.2182784,7.714673,12.952463,3.2603756744695525,1.8743153880481969,0.9194790719137048,39.37077302466598
111,7.900141,2.683276,7.151933,0.8813143,12.386471,0.0,1.3540448,9.47064,4.5601287,0.0,3.4404697,2.6116428,6.671053,4.8991957,5.437724,12.577226,0.39921558,1.1934896,1.0434759,23.174074,5.72344,7.3586593,5.911846,2.1931083,3.8258247,3.618479955736633,3.2940998943715103,0.92565309205148,34.38902772233704
112,8.508534,7.4398327,3.3807135,4.6419473,11.251815,6.596191,0.0,0.0,16.596699,2.3318992,3.2307725,5.4072423,6.363693,2.563107,0.79985803,14.770659,0.0,2.8481975,0.16825855,10.868587,3.5070157,10.097347,11.553314,0.0,0.88326705,2.581701673193307,2.664115343538626,0.9134211889299776,38.000618858654576
113,7.726945,3.0885775,3.871492,0.0,16.38506,0.0,3.2943525,14.642235,2.1187713,0.0,3.7595587,1.7561535,10.161016,9.513077,3.2943277,10.648073,2.3047845,3.556509,1.4111373,19.2233,6.8843365,2.227966,0.0,3.750969,5.88517,1.273740959894806,2.7790664036817887,0.9444265902417532,25.415938822451057
114,10.952847,4.728549,13.268637,7.2741704,7.6543293,3.7393641,2.2133512,5.228133,2.9028673,2.3162653,3.591646,0.5708192,4.1904597,2.882348,0.55807316,9.743752,2.7147543,0.40085137,4.432989,19.260624,5.749919,2.682063,3.1309013,5.7506256,2.3699965,2.3136795639836043,2.629521192739066,0.9130142898412128,21.79925625723702
115,10.375787,2.4323509,7.1230416,4.6061654,15.562253,0.0,0.54742134,19.711222,5.881944,8.08124,6.033904,14.136361,14.009333,10.599374,11.3563595,14.995858,3.938114,6.6705627,1.8370435,23.784899,8.106864,5.018499,1.5157918,7.863714,4.7425475,5.363359951886131,4.521225233051556,0.9583009437730298,90.18145564921336
116,8.608397,4.1957674,7.727875,0.0,11.077683,0.0,1.9523393,19.13581,1.9058981,0.12618458,2.1765544,1.2102947,12.522524,10.97279,2.971363,15.514516,2.4680424,8.926489,2.4060638,23.405127,2.2195146,6.532405,5.501432,11.691374,9.029072,1.712294952819453,2.8416869452565603,0.9247004441280572,26.84611752151532
117,9.782063,1.3469136,4.6685057,2.1807232,13.346197,0.0,0.0,15.5403595,0.8381429,3.7842207,1.6144937,4.418016,6.45145,12.895103,7.1787066,14.550883,1.7638073,12.404789,0.53630936,18.88606,7.7635593,5.8470607,7.897818,10.795374,12.453051,2.316080348602401,3.7119070393594784,0.9404863394112398,34.088811294799875
118,6.265646,14.576531,5.2683587,4.4034114,25.36632,0.0,10.637529,33.71149,0.0,0.0,0.16156363,0.0,11.3187065,21.11745,10.601652,21.810894,4.0567236,13.209477,13.674308,28.291733,10.477734,11.716038,1.1918231,13.870518,27.455605,1.4947617888158429,1.154406298190082,0.9095131242562754,27.805932149354625
119,1.7851689,0.15620649,6.6632285,6.627954,12.189152,0.0,2.3164105,5.0966578,2.396158,8.815613,1.8292234,2.6257305,3.633521,8.4395275,2.6516638,5.5832486,1.1602402,2.4121737,0.9610956,10.623027,5.1447434,9.315538,5.263638,4.625471,1.4411066,3.2460651942953227,3.2354973298904524,0.9279042365600934,67.47692759453872
120,5.423458,3.5808718,6.450184,5.6494603,29.783176,0.0,0.13721716,30.579124,6.4430037,0.74750423,3.092257,6.1136193,16.367281,16.755692,8.939682,15.070704,3.3379838,10.710412,0.32851076,28.491236,10.379522,5.4749002,5.242339,8.626044,16.436707,4.511907672746833,5.656065767953881,0.9519386593561298,37.45555286431835
123,9.656055,3.2549932,4.0020432,2.8409991,14.964293,0.054741263,3.946517,13.787325,6.3185906,3.18748,10.12,5.2222776,7.945646,7.0710554,8.04369,11.684117,0.73773134,2.3507442,2.4239223,18.048227,2.3858247,11.353254,2.1447806,8.463961,5.5328264,3.5636212145489505,3.999897452331357,0.9290065926197156,78.22935376835613
124,6.8875313,0.0,3.5823812,3.3140798,14.668523,0.0,0.0,6.539176,3.4874635,1.2617416,0.882476,0.57455677,2.1579278,13.476206,3.7661421,8.104103,1.6708858,0.43287206,1.2679946,12.314357,3.1956801,0.93671167,1.8388153,9.915977,3.8255162,3.1214002306210187,3.404533581883356,0.9300354432680874,59.639695336411165
126,18.27891,2.295873,2.387823,1.1769896,18.681444,9.594676,5.416419,29.152504,1.7034471,1.2035332,11.406707,3.1428928,10.17556,15.368682,7.6426716,17.253288,0.71575844,8.030877,9.997382,21.488268,4.815387,6.5906005,5.460949,14.969027,14.691263,1.9604650327462552,2.073322876881264,0.919773387917155,21.51696668026769
127,3.97941,2.3343623,4.941918,2.3886495,13.837759,0.0,3.647018,20.262901,0.0,0.0,0.0,0.0,5.166008,10.369864,4.4538727,9.827287,2.3307965,11.178202,5.03329,16.942083,2.6696157,9.3743305,2.223711,10.033405,17.24652,1.391347493140285,1.3389566059504667,0.9014557392185506,28.63437622276442
128,9.954983,4.182722,6.839128,4.691356,21.50861,0.0,5.5010734,23.501099,2.356255,0.0,1.5040004,3.5430765,11.828054,16.041008,10.914621,19.955671,8.091465,12.437018,6.3787766,22.380274,8.97342,11.330753,2.6163607,18.371645,11.3797,4.266169314636336,3.754832565314656,0.9374326464364962,37.003685628790805
129,7.0039015,6.200345,11.813652,2.818688,21.997074,0.0,9.08914,24.301414,0.0,4.40177,2.6287146,2.864668,14.431528,18.403381,15.998991,14.898289,6.5026093,17.087494,6.266036,26.52165,14.3983,9.102293,3.5467706,13.763017,21.410635,1.8175818925617369,1.9427274627489624,0.9139183834912218,29.617811285720663
133,8.507298,1.9097707,6.4982533,7.4971642,13.508691,0.0,0.85890853,13.975328,2.6812587,0.09912574,4.508838,1.8099662,9.540777,7.1439505,2.407624,13.937159,5.7515917,1.9357512,1.5870049,25.763786,5.716221,3.0795903,4.786301,4.7897453,8.775665,4.565602216066482,4.6104199445983385,0.9409660228042704,37.95170095688415
135,9.007332,10.925328,4.612697,5.6474037,13.554118,0.0,1.2871863,16.63103,0.50149274,1.6372714,3.388719,1.3811108,8.578108,6.135027,1.2758603,11.851113,3.2716696,1.2311616,0.7633662,21.681908,5.01785,5.0358987,4.9454846,4.694144,8.457489,2.579723865877712,1.949664694280079,0.9268286779157158,21.0907276564162
136,6.3305674,1.6133852,5.8892684,6.5570455,17.47116,0.8771318,1.2449356,14.569923,2.6862211,0.07437849,3.4047759,3.0521832,8.782831,7.731492,3.441869,8.673627,5.9138374,1.4888496,0.0,14.357046,11.118648,8.1586685,2.9021406,3.1613283,6.629431,3.8250729125815335,4.2469426300819055,0.9479265735267066,65.13943507962802
137,8.09303,5.877864,7.6258283,5.3758225,12.083272,35.53192,1.2845951,19.922495,4.37756,0.66626024,6.5348845,5.9380674,5.592154,7.917225,3.3445683,14.496594,3.606571,3.011063,1.9075265,22.178326,9.402879,5.4079185,4.0434318,5.407836,11.978735,4.165472910927456,4.315555555555555,0.9453177754080958,35.99663510307286
138,8.903774,0.85835266,6.2695565,3.048677,10.174859,0.0,0.7327875,1.7880206,5.3322334,1.8585742,1.451294,0.4105308,4.45476,2.212006,3.9851956,8.804017,0.29736555,0.0,2.5327356,18.270077,4.7799606,0.115428805,2.1448298,0.95463204,1.9960878,2.684969957458006,3.7343098986886543,0.926599583268038,21.62294729603781
139,9.436996,2.936444,4.224808,8.588863,13.321921,2.5841236,1.3967617,2.5150592,4.2197003,1.8590994,6.6757593,2.364605,4.498592,2.1042883,4.2280326,7.0152044,0.0,2.9251704,1.6945105,17.869362,7.501137,11.647928,9.685923,2.697763,4.8960114,4.718745866616059,4.343057927758513,0.9299717304479808,64.84038283911242
141,8.402687,1.793658,5.93835,2.6518664,6.7831106,0.0,3.001256,17.095497,0.0,2.572805,1.3140441,1.7200948,4.7643166,9.478418,0.052414432,9.33187,1.8339765,6.5123844,0.0,19.613392,6.320127,2.6457725,8.081206,7.5351677,9.757362,2.553593863651392,2.268465251603518,0.9256878797912846,24.67779597410008
142,12.563946,2.0998583,6.187164,1.2228563,13.75504,0.4449941,0.0,19.61299,7.018539,1.4593198,3.54711,4.6987734,7.100084,11.874835,5.895644,9.989447,1.0359623,6.910672,1.1128645,20.676153,9.337754,4.989701,6.851609,7.9092083,9.346569,2.2230859375,3.4262109375,0.9233714422280748,30.391766476036505
144,8.331336,0.0,5.355837,0.94792056,14.417742,0.0,0.0,3.7662795,4.04148,5.263625,4.3398924,1.8967632,2.5126429,12.108857,3.0317323,10.042973,2.2226982,2.7924185,2.6880434,11.7438345,7.170515,3.8606014,5.101649,6.351474,2.150457,3.8149092970521536,4.303004535147393,0.932616837245578,36.86158984301891
146,9.236691,1.4621842,8.035135,4.746859,14.56463,0.0,0.82317066,25.175676,2.9288626,0.15119588,3.733334,5.2461348,11.354662,8.462893,2.913663,13.176754,2.3402457,6.7439594,9.019982,21.490715,5.8049817,2.673724,3.8566651,9.011837,10.480597,5.063604293781889,3.835061848021923,0.9283822386074816,19.17548763453549
147,7.6807966,3.0125334,2.8188806,0.37744546,7.061754,0.0,1.2532917,17.533268,0.0,2.5971017,6.444431,1.5503734,6.3981137,6.7824097,2.6067202,8.980372,4.370137,8.886955,8.081523,19.906984,3.665133,10.370672,4.9224925,8.371549,8.247818,2.3159471108189056,2.5700197238658777,0.9247408098639522,29.44282812261181
149,5.0322065,1.1134999,6.188965,4.12954,13.955261,1.1064053,0.0,1.0193632,6.0167108,5.1284223,1.4233123,4.400046,4.972689,5.8369026,1.3341832,6.3078303,1.0901148,4.2999735,1.8285162,7.781348,2.836402,9.559406,10.353149,0.36987758,2.0695963,3.657541246636483,3.891617025382271,0.9251747260465748,92.842387323095
150,11.270335,12.6508875,6.481423,3.516305,24.993834,1.1133614,6.4920363,23.64641,0.0,2.1291082,3.7918909,1.3787432,5.9325933,19.928028,14.731491,18.082878,3.123698,16.382397,9.069131,15.401017,9.926053,10.49192,3.0440774,17.422548,16.70999,3.9414786427331694,4.909527193094853,0.9439781013400736,48.61884060342205
153,5.2282124,2.5534194,6.7948365,0.048057318,20.191174,0.0,7.664359,27.037687,0.39317226,2.1006126,5.2583866,1.8220056,12.101131,18.45565,10.848974,17.148628,8.741894,13.87429,4.6320086,16.10499,7.2047377,11.882605,3.260943,11.238909,19.411161,2.6764662955317866,2.222472425512396,0.9417176739534128,32.29199254513264
155,6.531234,8.821092,7.628469,5.3788285,30.23709,0.0,0.0,38.46629,6.363116,5.197699,4.1066694,5.8097405,23.575788,20.889774,10.875233,21.306011,2.1817303,13.62043,12.928601,22.23344,12.406274,5.51203,5.9562755,11.786686,18.733171,3.6737463849629313,4.267551724265948,0.9459062591711448,44.87152779511974
158,9.826148,3.9117963,8.874883,4.430004,21.570297,0.0,0.13001192,29.620987,3.416544,0.64714766,5.1693077,4.793238,16.509068,12.469856,3.950491,13.298445,3.1122434,2.4085937,0.0,25.547394,7.300241,2.6602678,5.301549,7.530918,18.699358,2.368851464485913,2.494891892547745,0.9221160792920744,23.286490009237816
159,11.361433,2.4140964,3.1360579,4.574776,14.074119,0.0,0.009062409,1.4672687,0.0,2.8778014,0.0,0.82217586,2.390946,10.522792,2.384459,3.8579626,4.5717154,0.75442433,1.2963624,8.645344,11.131943,5.3925533,5.6561174,1.857332,5.900025,4.956499606645379,3.9980100883890977,0.9436895358157616,41.21119693268243
161,8.713308,3.1268952,8.265569,4.9139266,13.255711,0.0,0.0,19.945583,1.8827813,1.5427158,3.9644647,7.2574897,12.888573,13.008349,7.515083,14.421438,4.849678,10.569207,2.543696,18.374134,4.925619,4.562716,6.8956876,10.694782,7.5222936,3.416457142857144,3.9286204081632654,0.960774945315485,44.185592067290585
163,6.1080475,2.208884,8.087941,0.2804644,17.621883,0.0,6.773927,33.060093,0.7947476,1.2393019,0.0,0.28168696,8.377169,16.315723,9.007334,22.28018,3.6123264,14.438298,12.938324,18.461134,7.180523,11.208008,1.5835363,17.936981,15.599112,1.5259108724052837,2.5058628086643764,0.9310741093945468,14.741283749980308
166,8.585187,7.893837,9.700715,0.0,15.508578,3.8902483,0.35128176,18.440908,5.6600823,4.9472294,3.735958,3.7724118,13.001221,7.6373997,4.5558357,13.929156,1.9751599,5.872201,0.0,24.750212,11.468172,5.45394,7.219047,5.729885,10.352564,1.8269452581939185,2.554889812083414,0.9250690504201492,40.11070193767479
168,8.313148,2.0889275,6.936052,1.6924584,11.297228,0.0,0.43536317,18.56575,1.8950031,2.930972,4.3528643,3.08185,8.127472,9.819621,1.0745363,8.305526,1.4535036,4.489119,0.613112,16.9275,3.364512,4.147478,1.859641,3.8974113,6.462574,2.4445121411935813,3.3803913090476705,0.9334047196415576,25.69950139826444
169,12.318828,2.184261,6.2698855,4.575522,11.902647,1.3221306,3.5813222,8.095348,0.0,3.6527524,5.2491407,10.92491,3.74723,11.431933,3.2189376,5.06415,0.0,1.7798347,2.7451127,12.943941,6.9079714,5.1489687,11.396567,3.3608112,4.545822,3.572947850295286,3.641836247364559,0.9458761939723432,52.78076128354104
170,11.047268,2.1025004,7.303497,3.4443717,19.970375,0.0,1.4445711,18.974598,2.8447385,0.0,3.8817916,4.82182,14.440832,16.59106,12.487164,13.924936,3.7203643,6.6122003,1.6083374,16.289316,7.944421,7.0008025,5.47171,12.750149,9.87137,2.7400672509937967,2.97014083722614,0.9286822896890652,28.744193793608115
171,9.409969,1.3551323,4.7508626,6.1635194,16.042345,0.68691134,2.0545845,5.8696766,5.555683,3.1009831,3.562806,2.0912366,8.271408,9.381309,3.376374,5.3707294,0.0,2.2577713,2.7589138,8.9845915,3.0403,6.3563204,1.9425191,2.4998772,3.8202395,3.415712799167534,2.582206035379813,0.9314387292248076,52.92990494011488
175,8.238939,12.523664,5.1633487,0.94242,26.30217,0.0,6.9189363,29.656033,0.0,0.0,1.4126393,2.2097287,10.780056,17.85104,12.835297,14.19431,2.197414,8.7223835,0.5526781,43.71809,11.984317,7.7136827,2.2098365,14.048571,29.090706,1.452972905945812,1.3212226424452846,0.9231662651059794,21.3154571967072
176,8.902787,6.266243,6.2833896,0.0,17.035751,0.0,0.0,21.399515,2.9104953,0.03456378,5.3331842,1.3158821,9.880157,13.692397,10.965641,13.309087,4.5086613,8.53909,0.05270338,23.177366,9.179117,3.6240673,1.3686577,9.193728,9.557768,5.763294982188891,4.44320668196814,0.9274414953206878,44.38237985024336
178,9.260257,3.0610206,9.584762,2.6810184,16.624868,2.5222912,0.7241216,5.7039785,4.0631976,4.927925,3.2176008,0.93267584,6.441442,11.07311,0.9112247,8.739973,3.9193876,0.48410106,2.5224645,15.623393,3.5479288,4.693707,5.72143,3.1998472,2.7190514,3.409795918367347,2.89505306122449,0.9181403690256086,48.44298726327928
182,2.8790615,0.93936014,5.813404,1.2563498,25.414059,0.0,10.839762,24.971943,0.9300275,0.0,0.0,4.355141,11.410748,18.789124,13.673161,14.8152685,4.8035336,17.719406,12.259918,18.551683,7.3146048,12.628214,3.2446394,13.125958,19.123201,2.702114716675061,2.3375435796469146,0.9200610321333408,28.635644039114204
183,9.616454,3.0626328,6.195795,0.0,15.215334,0.0,4.6744494,21.026577,0.0,0.7199297,0.28426018,2.6548119,5.745429,7.2660494,4.8422694,10.296341,3.234227,6.98437,4.1665993,20.278706,5.219141,3.3119621,2.3813992,14.946005,10.650522,1.3339506172839506,2.2133024691358028,0.923303394123688,22.655401439854177
188,8.427215,2.8704054,9.018402,6.7496123,12.612977,0.0,0.11479652,15.191576,3.9294858,2.5006924,6.7166286,2.7580318,4.013486,8.972189,0.7814791,8.213393,5.539255,1.9511256,0.8374531,18.30515,7.445504,9.685036,6.375958,5.091159,3.2038617,4.368828078524688,5.01977989292088,0.9389637521118817,42.626107527737965
189,6.074523,3.517288,3.1900425,0.0,7.5482693,0.0,0.0,10.271208,1.6822984,3.5665832,5.178226,0.82931626,5.194118,4.1333437,1.5539608,10.243472,5.950923,1.4964466,0.0,21.134039,1.5932937,5.32426,7.54923,2.4336987,2.9235451,2.967857479498539,5.454362648066107,0.945243111046702,31.34702326401299
190,9.252568,1.7521887,9.155991,3.222671,12.75978,10.347931,0.7396348,4.3619976,3.860692,0.90116024,3.894708,3.7679877,3.3176627,5.5426116,1.8951828,11.247333,2.1596904,3.4768524,1.6539285,13.147616,13.315507,12.035109,6.7003965,1.8377931,2.5165856,3.19421883288211,3.260641632394376,0.9135825204455318,53.4273289086259
193,8.706463,2.286477,5.4703383,5.8693843,14.799422,0.0,1.1916641,18.85638,3.0400858,0.2971704,2.593927,2.5527396,7.533323,13.350618,5.4971395,11.600469,5.654807,6.7334185,2.4580083,20.083218,8.363896,5.1023664,4.3224654,8.2444725,11.456551,2.638322321172077,2.90382712502793,0.955402661645782,18.2880381881084
197,5.721225,1.6729383,0.721516,4.456764,13.666013,2.3123875,3.501665,0.0,2.5510907,0.0,13.126546,1.6520456,3.3017015,6.534277,2.3385851,7.955039,1.81316,2.11908,2.5549138,19.387745,7.9605694,14.296398,6.443187,6.786025,3.7449627,2.878135886976769,4.088618896727999,0.936650778814614,38.56346682304627
199,7.077283,1.6386328,5.7986045,4.0941052,15.881344,0.0,0.13778174,0.2802565,6.773255,7.504612,3.1981392,2.2525892,6.207759,2.5346198,2.3488932,2.8631516,11.163934,6.076037,0.0,11.972969,2.4033046,1.508498,5.4455748,0.13177204,3.5217009,3.6879,2.3159,0.9063117730222991,44.27321878967414
200,12.619191,1.4615104,7.509976,3.8296795,16.660416,0.0,0.0,20.73994,5.879785,0.22175634,4.1865487,2.6064181,9.096718,10.435687,6.752512,13.306335,6.2751713,3.2990093,0.11086011,23.911413,3.5747814,1.9797983,4.8758645,4.824463,10.336126,1.6426931312940205,1.3412337355199906,0.9193763228460397,23.094319941743343
205,6.5696363,3.266617,4.643447,3.030357,15.055851,0.0,0.014291167,23.615788,0.5344466,1.525775,2.1511536,2.3989573,9.035507,9.012329,6.4051175,12.528375,2.852682,4.8942575,0.50809073,21.708536,5.6440954,3.3816462,10.0215225,10.602972,12.244614,3.0013174526874256,3.912781071409496,0.9315694467858684,39.5720686535509
