Paziente,1700,101,856,807,1386,1500,1261,85,1199,944,120,116,1120,619,original_glszm_SmallAreaEmphasis,wavelet-LL_glszm_SmallAreaEmphasis,wavelet-LH_glszm_SmallAreaEmphasis,wavelet-HL_glszm_SmallAreaEmphasis
5,3.3504796,16.36869,11.98875,7.247286,0.4040146,3.960343,5.15446,1.6181388,0.6940479,0.79434043,1.882741,1.852113,3.8226523,4.8118534,0.8040688697601583,0.8657609323018702,0.6421121501464132,0.5679223363531184
12,3.5954304,16.439102,12.0110235,7.072356,0.38106835,3.8821268,5.002502,1.7069025,0.46646428,0.8348606,1.886857,1.8431749,3.8069725,4.7708387,0.7744406512000844,0.8490097069858975,0.5557274154966373,0.6365999248488277
15,3.3996787,16.329142,11.904168,7.0666428,0.4161222,3.862059,4.9750204,1.612304,0.4998778,0.80355126,1.8207569,1.8274248,3.800715,4.7529225,0.7043250301394957,0.7414014492649382,0.5646201695051246,0.440332334885134
16,3.4355688,16.348745,11.90647,7.0212765,0.4079213,3.8136182,4.9874187,1.5946574,0.49070585,0.828693,1.8780041,1.8152928,3.8071728,4.767632,0.7708194619804735,0.8298346612476198,0.6664420978318886,0.5359702333553512
17,3.4197683,16.312428,11.824684,7.0851946,0.34614456,3.931169,4.9883957,1.5858574,0.4948895,0.8297942,1.9039149,1.8579564,3.7986155,4.8621817,0.8338865250583078,0.8950742240215925,0.6421154835135768,0.674957906264686
19,3.5406952,16.343472,11.77932,7.0946064,0.5158782,3.8417678,5.021854,1.6868827,0.4785267,0.9025586,2.1168122,1.8968322,3.8314052,4.951363,0.8143832194682535,0.9122168284789643,0.7979534724744475,0.7699026843759434
22,3.408103,16.33533,11.952813,7.099169,0.43026996,3.8533173,5.005601,1.590625,0.44785345,0.86244184,1.857204,1.8251302,3.8074622,4.7621646,0.7327920905311986,0.834453408438186,0.6428127403109496,0.5494302551105357
23,3.497088,16.359156,11.996542,7.062004,0.44300973,3.8988628,4.99599,1.6250932,0.5084646,0.85542876,1.8846397,1.8545396,3.8153138,4.7710676,0.6546329923733696,0.7460362308752246,0.4832591657196018,0.4162863493339346
24,3.4783244,16.317097,11.950084,7.0377035,0.54773414,3.856048,4.9361286,1.63134,0.51620245,0.7638152,1.8345947,1.8251665,3.8554344,4.7355123,0.769833292469115,0.8524314897857499,0.4327482685355456,0.3486904282813957
25,3.3927836,16.305893,11.813466,7.114208,0.3943658,3.9643688,4.994691,1.6102347,0.397465,0.75468785,1.8130906,1.8643897,3.780118,4.802134,0.7760126087954645,0.8650925925925925,0.6619818835854634,0.723497785945654
26,3.3828454,16.303944,11.974547,7.0566235,0.39901114,3.8689232,4.9956403,1.5648847,0.46595252,0.8353916,1.82692,1.8410776,3.7640452,4.771872,0.7564887063700325,0.8947301587301588,0.7086169355953763,0.525992951907131
27,3.408012,16.317894,11.956341,7.1125984,0.40436542,3.868719,4.985011,1.6111639,0.48513782,0.7839077,1.796042,1.800859,3.8063235,4.7595277,0.7753841713820752,0.870515532685344,0.498522926145832,0.5839595558453344
29,3.4581633,16.333696,11.882576,7.1009293,0.44415712,3.901576,4.9973955,1.6393962,0.45658886,0.8416725,1.8465619,1.8389716,3.8021607,4.7368493,0.7870983818226317,0.865603716561617,0.5474922810334777,0.696795392774731
30,3.4099483,16.324436,12.020609,7.2010956,0.40579164,3.881411,5.1108937,1.6109896,0.47583103,0.81471974,1.8744674,1.9036818,3.8220468,4.6226068,0.7147289972899729,0.8711685823754789,0.6312701189545614,0.5690187879100216
31,3.2377305,16.35722,11.909885,7.2344265,0.37689722,4.0820613,4.9995003,1.5573747,0.47464597,0.8197821,1.7740197,1.8887193,3.8233132,4.873488,0.8174795751633988,0.9237139107611548,0.7150157264603867,0.8238675471840997
33,3.4243631,16.31756,12.012095,7.0854244,0.42489195,3.8718061,4.9868755,1.5852194,0.5300697,0.8166259,1.8881006,1.8498425,3.8439827,4.775531,0.7232766505974474,0.8319868033173393,0.5871164512150575,0.6056723470316893
35,3.4557638,16.316608,11.977605,7.0567007,0.42969048,3.8685722,4.9783673,1.5788417,0.49212265,0.83741945,1.8310795,1.8342555,3.800171,4.7734814,0.7656101093571331,0.8621265967316064,0.6779938106899565,0.5810817809530365
36,3.4153562,16.334206,11.896588,7.129593,0.42661178,3.87039,5.0304594,1.6017611,0.4887563,0.8222435,1.9205334,1.8539946,3.8332872,4.817635,0.7365130362614732,0.857545045045045,0.6976961639148955,0.6167472774615587
38,3.428985,16.340504,12.00554,7.05342,0.42975378,3.855857,4.9716487,1.6036875,0.4899732,0.8099664,1.8210406,1.8134027,3.7922034,4.7322474,0.5095076979518189,0.7167051017229862,0.2762885125993345,0.3597442701687895
39,3.4145489,16.330252,11.88662,7.0958614,0.42993617,3.858976,5.015991,1.595959,0.50330424,0.80886334,1.8394427,1.7933278,3.8309212,4.7699738,0.6879566014139862,0.810877097800926,0.3991130507322682,0.4687781745948658
40,3.3509827,16.341991,11.815229,7.058428,0.5278566,3.8844037,5.008845,1.574451,0.4378636,0.84030074,1.9012003,1.8313687,3.78517,4.7567954,0.7813650516048343,0.8762241006375227,0.6458180889092215,0.6577035106522111
41,3.3436818,16.366894,11.927427,7.06678,0.42536914,3.9149456,4.9984355,1.6331816,0.49173212,0.7813578,1.8413949,1.8606985,3.7850795,4.7614193,0.658672288580147,0.7877444090932252,0.4445148335188425,0.5393556264198887
42,3.4290614,16.31389,11.859014,6.865967,0.43963218,3.8289113,4.8078732,1.6136239,0.5116241,0.78278524,1.8613508,1.8835118,3.8463368,4.7622743,0.6978153246992128,0.8181139245821786,0.314380123741368,0.2662163572841596
43,3.4188814,16.357021,11.974132,7.06787,0.4837768,3.8778605,4.944784,1.683249,0.5078726,0.81760794,1.8991013,1.8388398,3.8088531,4.7632504,0.5998108578664134,0.7585275319567355,0.3686106818446819,0.3869195014675909
44,3.5685725,16.427969,11.946504,7.0479727,0.42986763,3.9329114,4.975296,1.6926026,0.53218377,0.8114323,1.8069468,1.8452003,3.811082,4.81638,0.8801157434551558,0.8935514387890885,0.7158993047613672,0.7730883264186125
46,3.4436064,16.337355,11.905604,7.0042467,0.456123,3.893303,4.957154,1.6098411,0.52130795,0.806964,1.8835511,1.845938,3.8086596,4.7479444,0.6421394312816772,0.7033563881549506,0.4626103531764093,0.6152163607805267
47,3.4068227,16.323713,11.98451,7.152376,0.4643154,3.8839402,5.0181837,1.5967147,0.5101329,0.8177232,1.8553724,1.8483028,3.8237848,4.763762,0.6811185054995128,0.7757634301168703,0.5163736353849568,0.5143334243192221
48,3.5203686,16.272297,12.038203,7.0663347,0.5096861,3.92409,4.991398,1.6160641,0.50660014,0.8180967,1.7620819,1.8360732,3.7778368,4.7161,0.7688213425900321,0.8181488830099942,0.5469937977624407,0.5532585968150371
50,3.3812337,16.342203,11.952869,7.039016,0.3079077,3.8640242,4.977366,1.6553018,0.48168194,0.83247715,1.8559389,1.8501275,3.8608918,4.758766,0.7209040032679739,0.8514424514200299,0.6867491823203905,0.6402125712009417
52,3.4273076,16.3061,11.9966955,7.0920715,0.4125384,3.891368,4.9909525,1.5850973,0.5261191,0.82739073,1.8097811,1.8286486,3.8521552,4.7197485,0.6265475387934298,0.747382227291022,0.473521364480118,0.4471836381195836
53,3.3976421,16.328703,11.750471,7.012021,0.4035858,3.9143453,4.967699,1.5805545,0.47658944,0.8218275,1.9283919,1.8841918,3.8154025,4.838164,0.8371938818683665,0.8531249675442696,0.7219005291681594,0.7197613365633281
54,3.4628935,16.326166,11.989618,7.087824,0.46935833,3.8711958,4.9922743,1.5531588,0.49329484,0.8018375,1.818542,1.8146114,3.7726564,4.7497764,0.6092051190362601,0.8068794163492135,0.3986481720022883,0.411019474560824
56,3.4173584,16.317812,11.926937,7.052267,0.43212223,3.8894525,4.979812,1.5990183,0.49449575,0.8182706,1.8502507,1.8420613,3.7944508,4.745119,0.7723496767333683,0.8696611205113742,0.6665654981855719,0.6607740122197799
57,3.5178947,16.438091,11.865683,7.041274,0.43997538,3.8529158,4.9668436,1.6915743,0.49932826,0.81672555,1.9373286,1.8179393,3.8186283,4.8161674,0.7279659629458199,0.8165445158538456,0.6364316628716641,0.697716316734439
58,3.4105783,16.335068,11.854612,7.210248,0.41661882,4.0422726,5.0278697,1.5901856,0.4735452,0.8461321,1.9072595,1.8279951,3.885675,4.7840266,0.82164843952436,0.8726740294511378,0.6663697399126769,0.7146964954100358
59,3.436222,16.332432,12.056843,7.0314484,0.4032966,3.8508701,4.972054,1.5960057,0.50005734,0.8000818,1.8248816,1.8224175,3.8087296,4.763844,0.6115538385282169,0.7681436501139712,0.5477188589870762,0.5556218010735784
60,3.4192986,16.328583,12.000735,7.0479107,0.4344735,3.8811712,4.9768944,1.5976465,0.50301945,0.8234444,1.8471918,1.836386,3.8069472,4.7302923,0.6347716720993163,0.7084241539466126,0.2667577213566317,0.3916235319161064
61,3.4264898,16.303947,11.766574,7.0843325,0.38014042,3.8902922,4.9819827,1.5636396,0.47677636,0.88279563,1.969821,1.8736742,3.7966828,4.8863983,0.7972316903874977,0.8296592673244495,0.7351394555879547,0.7214697553000974
62,3.426166,16.340216,11.961493,7.066803,0.43441153,3.8846526,4.9965577,1.5915821,0.5041194,0.8247549,1.8919754,1.7719889,3.8387632,4.874188,0.7621483364953324,0.848718015147428,0.6767352797398613,0.6559403144812753
64,3.4111943,16.326576,12.10494,7.090473,0.21574545,3.9036684,4.9959908,1.5868692,0.49732697,0.8295687,1.7975655,1.8338752,3.8353863,4.7324147,0.6906652336421293,0.7412145533969673,0.4296449334462229,0.5380385882795841
65,3.5037374,16.82658,11.813961,6.9990864,0.596941,3.8787308,4.934,1.936661,0.6461122,0.82005864,1.9252763,1.8922336,3.854669,4.7772245,0.6889673913043478,0.8314804560658932,0.531258932024017,0.4856883838530663
68,3.4936724,16.310577,11.8182335,7.145195,0.52971196,3.9763336,4.981575,1.6930544,0.48195076,0.82805425,1.9554,1.8972363,3.800321,4.87032,0.78550524662117,0.9066993464052288,0.7942583956013414,0.7783129658187031
69,3.416534,16.32056,11.989442,7.113637,0.42380106,3.8952036,5.0225596,1.5811787,0.5030241,0.83537036,1.8202891,1.8137047,3.8141422,4.739605,0.6995945090539887,0.7717763379634343,0.3707870120996301,0.4583264252845297
70,3.3510075,16.315285,11.969635,7.046816,0.38963044,3.8976202,4.9479833,1.6770704,0.5180309,0.7989417,1.7926536,1.8290575,3.7928796,4.807275,0.691609477124183,0.8012270827396218,0.4899630388221467,0.6146699750929722
71,3.4201474,16.3087,11.983507,7.0909433,0.4178779,3.9099975,5.004665,1.5969791,0.50188935,0.8092032,1.8385868,1.8226731,3.778366,4.725351,0.71110214773034,0.8100429177307795,0.561235944873435,0.6331302833418753
74,3.646525,16.448704,11.930512,7.079031,0.44984746,3.8806772,4.948947,1.7111654,0.50482845,0.8150571,1.8527722,1.8702846,3.8869538,4.7906284,0.7468799865625262,0.8626956609894567,0.5500243706207087,0.5368817144251411
75,3.4137063,16.329224,11.968991,7.049757,0.41800487,3.8482742,5.0064197,1.5835285,0.50234544,0.81641823,1.8703463,1.7973783,3.8108664,4.727993,0.654121096911671,0.7598005654141999,0.4457017642360216,0.5258746582724823
76,3.4260073,16.320305,11.910689,7.1770716,0.46951675,3.8896942,5.1507473,1.6257865,0.5469911,0.8280731,1.8889172,1.7902002,3.809142,4.784903,0.7427832965594153,0.8173383424408014,0.3801214062951584,0.3996106127956757
78,3.3845344,16.424664,12.013315,7.0466995,0.5993899,3.8567467,4.9843135,1.6243548,0.54093647,0.80851585,1.8798385,1.8213294,3.8195014,4.760752,0.7061901425310698,0.8487779329608939,0.5435017520866213,0.4730886173982942
79,3.4338617,16.282162,11.962229,7.0963783,0.4837463,3.8293815,4.983981,1.6857326,0.4941125,0.77007157,1.7938571,1.8721457,3.788488,4.742511,0.7673837518626698,0.846679627305196,0.6055592674085815,0.5938408323937298
81,3.416874,16.295797,11.891335,7.0937395,0.41165376,3.878799,5.023242,1.5725808,0.4793645,0.80812055,1.8729992,1.8474989,3.9321876,4.852894,0.7784822141944026,0.8977946796002353,0.6986449892025819,0.5992560556637433
82,3.4194841,16.321787,11.951653,7.051153,0.42309833,3.8586712,4.981499,1.5966096,0.49581182,0.8172682,1.8299074,1.8280592,3.8028483,4.7496867,0.6304596223204282,0.7905100714749836,0.3227403257025066,0.3495846142492376
84,3.4370122,16.346468,12.066086,7.118083,0.42147458,3.9069362,5.014932,1.6216638,0.5175009,0.85919183,1.8056138,1.813242,3.8116398,4.729176,0.6151335553136413,0.7397541836242472,0.576536275363052,0.5475011731047427
85,3.2672296,16.436983,11.81616,6.983514,0.6324228,3.891099,4.8957596,1.5754843,0.5472542,0.80906886,1.8941131,1.8482828,3.810112,4.8150377,0.7188680865066334,0.8514721844293273,0.6725608257861811,0.6967577438132827
86,3.2839174,16.299078,11.952669,7.042639,0.36974418,3.9048672,4.971433,1.5605175,0.48527503,0.7915279,1.8066802,1.8443692,3.803358,4.760239,0.6208470998859215,0.7244590502867814,0.3736386720075924,0.3138769960035162
87,3.423193,16.350054,11.930308,7.036849,0.44365323,3.8029337,5.0068026,1.6208789,0.46681273,0.8075767,1.8841166,1.8243845,3.8350058,4.766149,0.7051289892610745,0.7703296557911226,0.4330012362657294,0.5548615304844917
88,3.4095354,16.316174,11.860254,7.179497,0.4136721,3.9351745,5.015971,1.5923438,0.48615527,0.87467414,2.0098512,1.9033136,3.9663343,4.8959627,0.8422497046300491,0.9128942864665616,0.7707841240111931,0.7118234103774872
89,3.4160914,16.323769,11.957341,7.031393,0.43524778,3.87599,4.9675508,1.6168964,0.4873289,0.7882436,1.7900605,1.8175426,3.8049383,4.775373,0.767971135513676,0.8546362649294246,0.5324246995862538,0.6378243584561712
90,3.4046474,16.31617,12.010267,7.009243,0.40953088,3.846428,4.9805193,1.6002858,0.447986,0.83065563,1.8525629,1.8398309,3.8163652,4.695245,0.706154736148328,0.8159091035240583,0.5460865357747106,0.5204250569687467
91,3.3090568,16.329239,11.960709,7.101509,0.41198468,3.8850956,5.0130134,1.6146843,0.4970044,0.80241495,1.8541074,1.8599794,3.794096,4.784199,0.8300003452053717,0.8965284653465346,0.5819569877641975,0.7324326926638299
92,3.4176016,16.335089,11.955819,7.0205536,0.41980183,3.8853703,4.967714,1.5956511,0.48448682,0.83382124,1.8930941,1.863009,3.904284,4.7571983,0.7800510110934097,0.86840091706104,0.6148656793529638,0.6155624020067704
94,3.3896232,16.322262,11.972798,6.996271,0.41147614,3.825101,4.9693403,1.5898476,0.5063151,0.8202469,1.8878851,1.829874,3.8077302,4.764216,0.7063016939692216,0.8050384894168511,0.4810053470110604,0.5259319201125593
95,3.4146786,16.326752,11.949025,7.0706654,0.41950846,3.8526268,4.978829,1.5771401,0.50146973,0.80795056,1.9144323,1.8436902,3.7915835,4.7918344,0.7068339931550885,0.7704032684452868,0.5203346388069301,0.4593901042285793
96,3.5129886,16.39732,11.9974375,7.10174,0.57171273,3.9073038,4.966405,1.6508443,0.51616716,0.81369096,1.7744155,1.8292458,3.808926,4.7246165,0.6473753805651484,0.7354716783343372,0.4828717504970568,0.5550493763780542
98,3.4226775,16.320906,11.95336,7.0775766,0.45786572,3.8810081,5.0323386,1.6056619,0.51098645,0.79493815,1.8733125,1.8266256,3.8061156,4.751658,0.6649692826073684,0.7383752600250121,0.3431109465597028,0.3780416285930453
100,3.431171,16.363815,11.767238,7.1169653,0.40677655,3.8827057,4.9920373,1.6365983,0.45209312,0.8235058,1.9500527,1.8693976,3.8845568,4.830589,0.8439434060228452,0.912285272887781,0.7764863613885269,0.7167883486728025
101,3.4392104,16.32584,11.978344,7.0861664,0.44543695,3.8483229,4.9739957,1.5960846,0.5173427,0.82137996,1.8510671,1.8154955,3.8202863,4.761175,0.7643828540556782,0.8415976148992389,0.6762989686571312,0.6748484808994527
102,3.4183216,16.320053,11.936163,7.095601,0.43862283,3.9122581,4.988039,1.6192772,0.5138633,0.8238415,1.93781,1.8663564,3.858768,4.7935395,0.8144546737857895,0.8870024289366184,0.6536466602743175,0.631077389152224
103,3.4364996,16.32328,11.938872,7.0409765,0.41669202,3.918223,4.9978933,1.6009359,0.53534055,0.8233612,1.839591,1.8329928,3.805428,4.726812,0.7034165778218929,0.7954807098765432,0.4679450045598828,0.4411551159741513
104,3.4296474,16.334368,11.949221,7.0333204,0.4354248,3.915317,4.968505,1.6156447,0.5306908,0.8252724,1.8297014,1.8591008,3.8748875,4.7481837,0.7808765024682286,0.8844560695056289,0.5955350215115447,0.6226681671791003
105,3.428391,16.325628,11.86933,7.0452137,0.4294033,3.8622446,4.980757,1.5940535,0.49462807,0.81303805,1.9024601,1.830209,3.8909206,4.812241,0.8302199713513897,0.8912743990176357,0.7722035282511894,0.6850841242480766
106,3.4234753,16.346464,12.015412,7.030431,0.44101393,3.8749895,4.9711227,1.6034446,0.4874587,0.8264218,1.8569615,1.8206666,3.8118973,4.7405257,0.5475743927535321,0.7702745082529135,0.1546130814474683,0.1455967447004125
107,3.4298859,16.320023,11.859578,7.1142416,0.4272858,3.8017597,5.00649,1.603219,0.48395872,0.80814224,1.8713226,1.8488538,3.838017,4.7722244,0.8370796158825686,0.9062243453644728,0.7289911454779328,0.5984262848883759
108,3.397203,16.315365,11.919362,7.064392,0.43062818,3.8970299,4.974986,1.6021492,0.53191495,0.8208807,1.8761101,1.8683279,3.831039,4.7644053,0.7447070373664652,0.8433605056412075,0.6056399997026379,0.6293669832321882
109,3.3766809,16.351032,11.973383,7.024748,0.34648323,3.9319153,5.011573,1.5536196,0.47727215,0.81579393,1.8434558,1.8898644,3.8202577,4.7604322,0.8601437913512038,0.901863929146538,0.6802650667387583,0.6965022517975719
110,3.4000735,16.327158,11.89272,7.1925697,0.4211855,3.8321471,5.0351353,1.5849109,0.49825764,0.79887277,1.8980007,1.8293841,3.8136005,4.769905,0.7652106592238171,0.8752616902616902,0.6170377655712954,0.5153579439021986
111,3.3893175,16.30331,11.930091,7.062089,0.44942188,3.8898673,4.992529,1.5436947,0.50830185,0.8386143,1.9233899,1.8382573,3.7913284,4.746107,0.7065571180402009,0.7357486637512147,0.5826801935986062,0.4745330654357089
112,3.4923496,16.3223,11.905513,7.088376,0.47178376,3.8830104,5.018051,1.6106722,0.5314481,0.7746329,1.8535457,1.740381,3.823348,4.7597814,0.7449284810542575,0.8404844576719577,0.4197691186046947,0.3032903332894685
113,3.3809419,16.367533,12.008418,7.0376234,0.43533814,3.866065,4.9695334,1.5949783,0.53659475,0.8310706,1.838659,1.8346498,3.8015718,4.754424,0.7540995370370371,0.8654802867383514,0.5827399410997509,0.6746067722602385
114,3.4098096,16.330065,11.987618,6.9742107,0.42092395,3.8637195,4.9179573,1.59409,0.496778,0.8321274,1.7971449,1.8216419,3.7944455,4.728243,0.7592560664112388,0.8635078053259871,0.4412283487579335,0.4102684102096122
115,3.4330134,16.329529,12.000389,7.0727158,0.39952564,3.8590827,5.0029325,1.601888,0.5191431,0.8046128,1.9135938,1.8289919,3.8156624,4.762271,0.6891681059011483,0.8013146698628502,0.624457385564722,0.5897382342935606
116,3.4051714,16.326376,11.941241,7.024621,0.43815112,3.845415,4.9668765,1.5918143,0.4930277,0.85099477,1.8693686,1.8753417,3.7898588,4.7669477,0.7198212826797385,0.8765906432748537,0.6984384323150896,0.698336525153324
117,3.4038796,16.341047,11.962689,7.0436735,0.41428506,3.8675218,4.96789,1.596317,0.5021554,0.8149336,1.8818719,1.8549387,3.8172874,4.764636,0.7591034184991826,0.9060066574839302,0.6148690527293582,0.5920294731486305
118,3.4016037,16.347202,11.754068,7.2837524,0.4107983,4.0782747,5.020792,1.5949087,0.43602931,0.845504,1.7560616,1.9411993,3.8695078,4.7641296,0.8680529740500319,0.9327083333333334,0.7115106404403866,0.7282423253455297
119,3.436664,16.308475,11.93906,7.071579,0.4340459,3.8893433,4.997073,1.6008914,0.51374733,0.8045173,1.872458,1.8515811,3.8574266,4.7307615,0.5864499285568241,0.7202850754008384,0.3244580001775999,0.3407019779348532
120,3.3215437,16.330688,11.796206,7.0754566,0.4352808,3.8478236,4.993435,1.5927863,0.46943593,0.81735677,1.9902806,1.8630779,3.9170809,4.7790246,0.7507812542614815,0.8513751871121862,0.6883044976705934,0.7051466388496993
123,3.3821654,16.317509,11.946495,7.0347013,0.42200017,3.8717728,4.9689207,1.599514,0.48880053,0.8253928,1.8567934,1.8426151,3.8075619,4.7624993,0.6218885473023015,0.7841455890044109,0.4164891102846676,0.2319520876167254
124,3.4167314,16.331114,11.958752,7.0608807,0.4343543,3.893188,4.9889293,1.6057005,0.49945593,0.8272061,1.861579,1.8295074,3.8267117,4.744592,0.7134871978683562,0.8311051617142374,0.4862722111963972,0.5591407355588754
126,3.453454,16.371712,11.926945,7.073436,0.41623056,3.915515,4.998445,1.6186762,0.5008528,0.84243935,1.9712789,1.8682582,3.8090253,4.8012705,0.7726390641611385,0.8900015031265032,0.6524151592401667,0.7108127721718195
127,3.4151268,16.328728,11.804668,7.085602,0.43597364,3.9965124,5.0150495,1.5878155,0.48362947,0.886684,1.9366984,1.9951785,3.8666086,4.809611,0.7969326852362567,0.9239122252333634,0.6721880582298619,0.6630347385816465
128,3.4278493,16.340633,11.99532,7.0744457,0.43944764,3.887371,5.003562,1.6176631,0.48113215,0.85329825,1.8754082,1.8403671,3.8236475,4.7914853,0.7601526736527872,0.8477840063959542,0.7126553797823815,0.7167985416317237
129,3.4308753,16.326292,11.769784,6.9032164,0.4414537,3.8009877,4.857374,1.5985134,0.48221374,0.80649406,1.9543028,1.9031296,3.9083009,4.8760633,0.8497123368920522,0.911080917874396,0.5827696458530534,0.6369331429160351
133,3.3573546,16.35308,12.113829,7.0670624,0.3280846,3.8604918,4.973513,1.6150866,0.48356497,0.8223899,1.8437617,1.8415735,3.8188186,4.7726946,0.7356855020801716,0.8591126384756503,0.6872217311623406,0.6474320883793814
135,3.38913,16.315044,11.965643,7.1011534,0.37920308,3.8644304,4.867875,1.5890517,0.47943997,0.77682585,1.8500397,1.9861131,3.8089614,4.696563,0.7027240998824964,0.8176600669818754,0.6390502231262876,0.6066108058270986
136,3.4121542,16.310015,11.946877,7.027418,0.427073,3.8507137,4.9839,1.5735569,0.5250312,0.8170634,1.8669791,1.8470106,3.834148,4.7523346,0.6389805981292411,0.7788437855766449,0.4743329645694863,0.5751216499205919
137,3.4659867,16.34931,11.884768,7.0629807,0.30664325,3.9315443,4.9838147,1.6101809,0.50286186,0.8258104,1.8080597,1.839309,3.8127718,4.7397456,0.7103457160206532,0.8062597387305731,0.53481506908617,0.5926898335824202
138,3.534451,16.33038,12.009162,7.047744,0.34267497,3.8928108,5.000101,1.6585977,0.51289666,0.83081764,1.8228762,1.8663316,3.7988935,4.742977,0.7160054107885322,0.8816894353369763,0.2978623546192671,0.5630164059576134
139,3.4108357,16.330038,11.979629,7.063136,0.44096446,3.8739595,4.9959354,1.5994594,0.500828,0.8237658,1.8791604,1.8279161,3.8134327,4.7486916,0.6783916285760323,0.7262013323041225,0.5657115057909897,0.5493251356203827
141,3.4241943,16.337557,11.816874,7.091811,0.38720715,3.907493,4.9729958,1.6297576,0.4728197,0.7960654,1.9567423,1.9030869,3.8052716,4.8807917,0.786606424792139,0.9001876876876878,0.5812137201769723,0.6179765850915113
142,3.3990083,16.309036,11.997173,7.1011076,0.3954624,3.8705926,5.004666,1.5802891,0.4863615,0.809889,1.8472986,1.8404062,3.7927709,4.7937555,0.7859418085225562,0.8869897140945491,0.6651133303397047,0.583592048488497
144,3.3817334,16.363546,12.010282,6.994899,0.45133758,3.8927565,4.939813,1.7518127,0.51365554,0.8128206,1.85776,1.8227065,3.8456259,4.741237,0.6297504268207199,0.7784596326651229,0.386840583482634,0.4168465963371685
146,3.3803,16.323563,11.992933,7.0721836,0.33116686,3.9378963,4.992055,1.5717816,0.48688042,0.8090126,1.8080559,1.851835,3.814941,4.7851458,0.7628183291795961,0.8663532649414543,0.6808583221650905,0.7169177178079065
147,3.3482833,16.348675,11.902729,7.0590534,0.41592216,3.8748455,4.9949355,1.5872135,0.50594246,0.81121117,1.8223538,1.8479257,3.7885723,4.7477093,0.758008723138676,0.8208151779230209,0.5339611747163832,0.6271340963800981
149,3.4231415,16.485569,12.039251,6.999771,0.6334727,3.8530087,4.9456763,1.8202424,0.50293744,0.77771467,1.8374343,1.8146152,3.8402534,4.7320743,0.5947045801458161,0.6775815165833637,0.3523207574431118,0.197602899834385
150,3.5074577,16.317791,11.923444,7.087928,0.30936694,3.901307,5.016881,1.614624,0.46265328,0.84360904,1.8424892,1.8448036,3.986546,4.7502875,0.7964692951281629,0.8667924265465365,0.5914066209250528,0.6217407347184231
153,3.3834572,16.325092,11.848031,7.0926456,0.41415572,3.8541098,5.004295,1.6235981,0.4899572,0.81303173,1.9163518,1.8480604,3.826046,4.7884674,0.8055781072773703,0.8875047404019079,0.737111718210483,0.6694097681655985
155,3.4146318,16.325468,11.895585,7.131386,0.4394257,3.8448763,4.99169,1.6131411,0.5122043,0.8401614,1.8441331,1.872746,3.8502336,4.7280407,0.786736849024709,0.8564494215765402,0.5813972068699085,0.6257121259311803
158,3.4135275,16.317163,12.0230875,7.0049505,0.42671824,3.894741,5.0397115,1.616282,0.5332364,0.8090833,1.86833,1.8752184,3.8070774,4.8322396,0.7581756379800597,0.8479540598290598,0.63710718864992,0.6572907790794617
159,3.4342217,16.321564,11.928764,7.0435286,0.42231822,3.8683076,4.97212,1.5940189,0.50980246,0.8162622,1.8325596,1.8127697,3.8417048,4.7430964,0.6723105369697729,0.8022316633686349,0.4750609531110508,0.3720818232295659
161,3.41366,16.262836,11.901303,7.0875835,0.39537954,3.913209,4.996167,1.6149912,0.46152842,0.77435595,1.8964806,1.829859,3.8083534,4.8098373,0.6781130483724702,0.7814851721938775,0.3884697066905776,0.5107333369813969
163,3.4072666,16.332737,11.851761,7.1093245,0.41905344,4.012982,4.992741,1.6211634,0.46402562,0.9041973,1.9221399,1.9336171,3.8255386,4.8851113,0.8330858876117495,0.9178462532299744,0.6887279588452296,0.6699125158997528
166,3.4509177,16.319342,11.898538,7.0522127,0.40447283,3.8489866,4.996437,1.6117663,0.48225284,0.8320394,1.9438007,1.8463678,3.8140578,4.770797,0.7825027960998164,0.8455979473449352,0.6914618874813725,0.572471315210799
168,3.435906,16.333569,11.928802,7.001807,0.40379333,3.8474045,4.9227743,1.6028867,0.50435376,0.82604355,1.8337269,1.8774762,3.838748,4.7531157,0.7291230741761046,0.843127240143369,0.539654309559791,0.6389256476776247
169,3.4486122,16.26989,11.935713,6.9929066,0.38221085,3.9414797,4.997118,1.6182826,0.5440465,0.81464607,1.8175116,1.8145497,3.8744106,4.6950746,0.6365345349053507,0.78185,0.2916758488658112,0.3122748354409513
170,3.3996778,16.355967,11.920673,7.043687,0.38856173,3.844635,4.97854,1.6054225,0.49442875,0.79753214,1.8241138,1.8206635,3.804183,4.7312274,0.8349998603651916,0.886027105734767,0.7124945828382958,0.6656520527875261
171,3.3805366,16.32935,11.955328,7.125141,0.40626025,3.9742417,5.0220394,1.585774,0.47713292,0.83117205,1.7835693,1.8148587,3.8250523,4.714946,0.7312124736799481,0.852591332829428,0.4696903297658484,0.2554577413815906
175,3.40413,16.324081,11.932578,7.120021,0.46843147,3.740191,4.9658966,1.5921121,0.48417175,0.77747756,1.8099685,1.8939638,3.8168764,4.9467883,0.8067526089625536,0.91747997997998,0.7406605000549593,0.6585837831778965
176,3.3705606,16.322216,11.9854,7.006667,0.41306233,3.7979202,4.9932647,1.5825734,0.47731316,0.834266,1.9051831,1.8409777,3.7895846,4.7600064,0.7789336232211947,0.8016075720162225,0.6383279766465106,0.6425758201094928
178,3.394652,16.323437,11.986459,7.0874166,0.41936266,3.885097,4.9988728,1.6055565,0.49604535,0.8307125,1.8002405,1.822536,3.8267355,4.7563148,0.6956938543974619,0.8340945975005059,0.4754387568768557,0.4911082977114279
182,3.4176297,16.326942,11.849913,7.121196,0.44261837,3.893776,5.0029926,1.6122551,0.49488723,0.8241971,1.8965344,1.8493245,3.7703686,4.790234,0.8292976537553797,0.888244052061786,0.6101789964482449,0.672499221224376
183,3.3652244,16.321978,11.770074,7.031578,0.4023069,3.8847528,4.969061,1.5710518,0.4818976,0.83483344,1.8909392,1.8490212,3.8530803,4.7766504,0.7940439106198035,0.8853936718175127,0.6744650265222795,0.6877073530421874
188,3.4755516,16.36911,11.934243,7.021373,0.39778304,3.8973165,4.964431,1.6510327,0.54497385,0.83459836,1.8552558,1.8482401,3.8247066,4.749178,0.6769333394098762,0.8345747776293057,0.733235318737978,0.5186072642632198
189,3.4663787,16.326735,12.012186,6.995474,0.44199562,3.878532,4.9460707,1.5803871,0.5092524,0.80539304,1.82039,1.8776748,3.82231,4.801483,0.7476053376755207,0.8059515352640302,0.4054879521724546,0.6144043504153025
190,3.4273052,16.330835,11.92831,7.011921,0.40950954,3.864965,4.9393463,1.6076026,0.5509361,0.8040784,1.8622918,1.8694131,3.825148,4.7227817,0.6359135658064087,0.8253235514063781,0.4084622556809146,0.4063986888423426
193,3.419516,16.320107,11.916199,7.051017,0.4615965,3.8975072,4.969904,1.5621736,0.49183464,0.82529026,1.8586483,1.902833,3.7925048,4.80354,0.761738527648856,0.8535723672828417,0.7467681340742035,0.6931088054061539
197,3.4160657,16.325089,11.962716,7.0693874,0.4123646,3.8969727,4.969935,1.580421,0.5129148,0.81902474,1.8259058,1.8276546,3.8211627,4.752304,0.6733126663357607,0.7301765398795942,0.3102949210107889,0.5302524320437672
199,3.4391174,16.315014,11.979211,7.0167723,0.4611392,3.8135023,4.9375987,1.6244528,0.5348964,0.7785688,1.8087664,1.8239706,3.833096,4.714091,0.53298919845802,0.666395050413294,0.3044543647075342,0.1656392683144577
200,3.4417162,16.314732,12.004808,7.0310125,0.49038124,3.8785768,4.926096,1.6695702,0.50392294,0.8217527,1.7775269,1.8618083,3.811027,4.8145313,0.8059393531392599,0.8644938271604939,0.648127396172781,0.7137582872248012
205,3.4645314,16.338947,11.905271,7.0357313,0.43411517,3.888009,4.95851,1.6445911,0.5077946,0.80696684,1.9545221,1.8820505,4.072816,4.891052,0.7809952236018464,0.8823584114451264,0.5456768627743833,0.5808358380922307
